idade,estado_civil,escolaridade,inadimplencia,saldo,fez_emprestimo,tempo_ult_contato,numero_contatos,aderencia_investimento
45,casado (a),superior,nao,242,nao,587,1,sim
42,casado (a),medio,nao,1289,nao,250,4,sim
23,solteiro (a),superior,nao,363,nao,16,18,nao
58,divorciado (a),superior,nao,1382,nao,700,1,sim
50,casado (a),medio,nao,3357,nao,239,4,sim
24,solteiro (a),medio,nao,174,sim,487,1,sim
53,casado (a),superior,nao,4446,nao,429,1,nao
30,casado (a),medio,nao,946,nao,1065,1,nao
39,casado (a),fundamental,nao,879,nao,102,2,nao
30,divorciado (a),medio,nao,-94,nao,41,2,nao
34,solteiro (a),superior,nao,5086,nao,213,4,sim
39,casado (a),fundamental,nao,7685,nao,493,3,nao
33,casado (a),medio,nao,139,sim,732,2,sim
34,casado (a),superior,nao,1116,nao,53,5,nao
38,solteiro (a),superior,nao,0,nao,71,1,nao
33,divorciado (a),medio,nao,2411,nao,130,1,sim
48,casado (a),fundamental,nao,559,nao,1231,2,nao
39,casado (a),medio,nao,0,nao,793,2,nao
53,casado (a),medio,nao,70,nao,611,2,nao
80,casado (a),medio,nao,8304,nao,712,1,sim
38,divorciado (a),medio,nao,157,nao,299,5,nao
24,solteiro (a),medio,nao,-46,nao,23,1,nao
44,casado (a),medio,nao,10888,nao,163,1,nao
46,divorciado (a),superior,nao,624,nao,336,2,sim
53,casado (a),medio,nao,719,nao,230,1,nao
30,casado (a),superior,nao,102,nao,470,7,sim
41,casado (a),fundamental,nao,7735,nao,220,1,nao
47,solteiro (a),superior,nao,4402,nao,805,1,sim
30,solteiro (a),medio,nao,2145,nao,727,2,sim
47,casado (a),medio,nao,1167,nao,968,1,sim
32,solteiro (a),medio,nao,118,nao,1275,1,sim
27,casado (a),medio,nao,-247,sim,344,2,nao
58,solteiro (a),medio,nao,1640,sim,72,6,nao
51,casado (a),medio,nao,2662,nao,148,2,nao
47,casado (a),medio,nao,2246,nao,330,1,nao
34,casado (a),medio,nao,475,nao,559,1,nao
40,casado (a),superior,nao,1584,nao,661,1,nao
44,divorciado (a),medio,nao,0,nao,264,5,nao
55,divorciado (a),medio,sim,-404,nao,502,3,nao
71,casado (a),superior,nao,14220,nao,397,1,sim
38,casado (a),fundamental,nao,168,sim,212,3,nao
38,casado (a),superior,nao,12877,nao,118,3,nao
54,casado (a),superior,nao,98,nao,420,4,nao
43,casado (a),superior,nao,13342,nao,465,1,nao
31,casado (a),superior,nao,8312,nao,43,13,nao
36,divorciado (a),superior,nao,119,nao,127,8,nao
31,casado (a),superior,nao,156,nao,657,7,sim
33,casado (a),superior,nao,3696,nao,305,1,nao
30,casado (a),medio,nao,-393,sim,435,1,sim
38,casado (a),medio,nao,497,sim,88,5,nao
52,casado (a),medio,nao,335,nao,411,1,sim
57,casado (a),superior,nao,27069,sim,174,3,nao
31,solteiro (a),medio,nao,40,nao,123,2,nao
51,casado (a),medio,nao,117,nao,467,2,sim
34,casado (a),medio,nao,1337,nao,330,2,sim
59,casado (a),medio,nao,259,nao,415,1,sim
34,casado (a),medio,nao,1831,nao,203,2,nao
35,casado (a),superior,nao,1265,nao,326,5,sim
29,solteiro (a),fundamental,nao,950,nao,135,3,nao
38,divorciado (a),superior,nao,1513,nao,330,1,nao
41,solteiro (a),medio,nao,1680,nao,76,2,nao
34,casado (a),medio,nao,61,sim,21,1,nao
37,casado (a),superior,nao,0,nao,129,4,nao
50,casado (a),medio,nao,579,nao,83,4,nao
55,casado (a),fundamental,nao,2275,nao,139,9,nao
45,divorciado (a),fundamental,nao,0,nao,211,2,nao
35,casado (a),superior,nao,8,nao,55,4,nao
49,casado (a),superior,nao,87,nao,165,1,nao
36,casado (a),medio,nao,3064,nao,240,3,nao
22,solteiro (a),superior,nao,691,nao,338,1,sim
41,casado (a),superior,nao,771,nao,106,8,nao
48,casado (a),medio,nao,340,nao,255,2,nao
49,casado (a),fundamental,nao,1032,nao,41,5,nao
55,casado (a),medio,nao,1467,sim,277,2,nao
28,solteiro (a),superior,nao,0,nao,767,5,sim
34,solteiro (a),superior,nao,84,nao,231,1,nao
60,divorciado (a),superior,nao,366,nao,593,1,sim
43,divorciado (a),superior,nao,388,nao,2087,2,sim
57,casado (a),superior,nao,320,nao,76,2,nao
38,casado (a),medio,nao,-673,nao,364,1,nao
35,solteiro (a),superior,nao,470,nao,743,13,sim
54,divorciado (a),superior,nao,2171,sim,1034,1,sim
40,casado (a),superior,nao,-495,sim,303,2,nao
45,solteiro (a),medio,nao,0,nao,768,2,nao
61,casado (a),medio,nao,313,sim,42,1,nao
57,casado (a),fundamental,sim,195,sim,185,4,nao
32,solteiro (a),medio,nao,230,nao,442,1,sim
49,solteiro (a),superior,nao,151,nao,97,3,sim
43,solteiro (a),superior,nao,1696,nao,257,1,sim
20,solteiro (a),medio,nao,502,nao,261,1,sim
49,solteiro (a),fundamental,nao,2146,nao,1516,2,sim
76,casado (a),fundamental,nao,2590,nao,68,12,nao
48,casado (a),medio,nao,480,nao,830,1,sim
49,casado (a),medio,nao,687,nao,772,1,sim
49,casado (a),superior,nao,3726,nao,875,2,sim
33,divorciado (a),medio,nao,106,nao,175,3,nao
32,solteiro (a),superior,nao,1100,sim,67,1,nao
34,casado (a),medio,nao,-228,nao,187,3,nao
37,casado (a),fundamental,nao,403,nao,318,2,nao
34,solteiro (a),superior,nao,415,nao,123,1,nao
31,casado (a),medio,nao,1660,nao,342,1,nao
32,casado (a),superior,nao,2431,nao,646,5,sim
38,casado (a),superior,nao,3436,nao,663,4,sim
47,casado (a),medio,nao,302,nao,89,3,nao
31,solteiro (a),superior,nao,3283,nao,258,1,sim
27,solteiro (a),medio,nao,213,nao,378,1,sim
31,casado (a),medio,nao,0,sim,79,3,nao
35,solteiro (a),medio,nao,1810,nao,65,2,nao
32,casado (a),medio,nao,1905,nao,709,2,sim
31,casado (a),superior,nao,0,nao,298,1,nao
35,solteiro (a),superior,nao,62,sim,67,1,nao
40,casado (a),superior,nao,194,sim,189,2,nao
38,casado (a),superior,nao,2278,sim,244,1,nao
34,solteiro (a),superior,nao,18,sim,359,1,sim
49,casado (a),fundamental,nao,937,nao,66,1,nao
33,casado (a),medio,nao,0,nao,1448,7,sim
40,solteiro (a),superior,nao,226,nao,176,2,nao
34,casado (a),medio,nao,1553,nao,200,2,nao
50,casado (a),medio,nao,0,nao,86,4,nao
34,casado (a),superior,nao,606,nao,97,1,sim
32,casado (a),medio,sim,-53,nao,648,1,sim
40,solteiro (a),medio,nao,10378,nao,523,3,nao
43,casado (a),fundamental,nao,8167,nao,114,2,nao
68,divorciado (a),medio,nao,4189,nao,897,2,sim
60,casado (a),fundamental,nao,65,nao,1028,2,sim
39,solteiro (a),medio,nao,102,nao,272,2,nao
45,casado (a),fundamental,nao,180,sim,62,2,nao
32,solteiro (a),medio,nao,678,nao,1579,1,sim
26,casado (a),medio,nao,-759,nao,191,1,nao
21,solteiro (a),medio,nao,2488,nao,258,6,sim
42,casado (a),superior,nao,0,nao,118,6,nao
33,casado (a),medio,nao,3935,nao,765,1,sim
39,casado (a),superior,nao,1047,nao,554,1,sim
33,casado (a),medio,nao,3470,nao,285,2,nao
75,casado (a),medio,nao,6053,nao,865,2,nao
30,casado (a),superior,nao,0,nao,209,2,nao
54,casado (a),medio,nao,2206,nao,104,1,sim
42,casado (a),superior,nao,372,nao,654,2,sim
32,casado (a),medio,nao,950,sim,219,4,nao
45,solteiro (a),superior,nao,2048,nao,310,1,sim
31,casado (a),superior,nao,4148,nao,316,3,sim
83,divorciado (a),fundamental,nao,1097,nao,181,1,sim
34,casado (a),medio,nao,247,nao,401,2,sim
47,divorciado (a),fundamental,nao,126,nao,2456,2,sim
59,casado (a),medio,nao,204,nao,286,2,nao
48,casado (a),superior,nao,1167,sim,264,1,sim
29,solteiro (a),superior,nao,1445,nao,328,2,sim
33,casado (a),medio,nao,478,nao,475,2,sim
31,casado (a),superior,nao,325,nao,1139,2,sim
58,divorciado (a),medio,nao,462,nao,495,1,sim
38,casado (a),fundamental,nao,-363,nao,340,2,nao
52,casado (a),medio,nao,-888,nao,135,1,nao
36,casado (a),medio,nao,-461,nao,254,2,nao
50,divorciado (a),superior,nao,201,nao,248,1,nao
27,casado (a),medio,nao,7,nao,98,2,nao
37,divorciado (a),medio,nao,0,nao,146,4,sim
45,casado (a),medio,nao,827,nao,319,5,nao
40,casado (a),medio,nao,0,nao,297,1,nao
48,casado (a),medio,nao,302,nao,208,3,nao
36,solteiro (a),superior,nao,678,sim,85,3,nao
49,casado (a),medio,nao,2201,nao,233,3,nao
36,casado (a),medio,nao,63,nao,56,8,nao
39,casado (a),medio,nao,1439,nao,73,6,nao
28,solteiro (a),medio,nao,198,nao,128,2,sim
33,casado (a),superior,nao,641,nao,347,2,nao
30,casado (a),medio,nao,1743,nao,192,4,nao
32,casado (a),medio,nao,4,nao,145,2,nao
49,casado (a),medio,nao,2039,nao,451,1,sim
57,casado (a),medio,nao,1044,nao,585,1,sim
34,casado (a),superior,nao,3050,nao,469,1,sim
29,casado (a),superior,nao,451,nao,451,1,nao
36,casado (a),medio,nao,465,nao,160,1,nao
41,casado (a),medio,nao,77,nao,56,1,nao
38,casado (a),superior,nao,432,nao,10,2,nao
36,casado (a),medio,nao,2394,nao,184,2,nao
30,solteiro (a),superior,nao,305,nao,633,1,sim
78,divorciado (a),fundamental,nao,229,nao,97,1,sim
42,casado (a),medio,nao,-921,nao,115,2,nao
30,solteiro (a),superior,nao,2,nao,102,1,nao
29,solteiro (a),medio,nao,-20,sim,574,1,sim
31,solteiro (a),medio,nao,1086,nao,410,1,nao
59,casado (a),medio,nao,2308,nao,815,1,sim
30,solteiro (a),medio,nao,3107,nao,1516,2,nao
48,casado (a),superior,nao,1147,nao,389,1,sim
49,casado (a),fundamental,nao,889,nao,388,1,sim
27,solteiro (a),fundamental,nao,1209,nao,283,1,nao
37,solteiro (a),superior,sim,0,nao,108,1,nao
75,divorciado (a),superior,nao,3810,nao,262,1,sim
46,divorciado (a),medio,nao,-90,sim,270,1,sim
34,casado (a),medio,nao,1897,sim,441,1,nao
59,casado (a),medio,nao,92,nao,139,2,nao
79,casado (a),fundamental,nao,8556,nao,326,2,sim
28,solteiro (a),superior,nao,442,nao,474,3,sim
35,casado (a),medio,sim,0,sim,105,3,nao
42,casado (a),medio,nao,292,nao,222,3,nao
28,casado (a),medio,nao,225,sim,866,2,nao
55,casado (a),fundamental,nao,298,nao,144,3,nao
43,casado (a),medio,nao,2160,nao,261,1,sim
50,casado (a),medio,nao,7317,nao,172,1,nao
33,casado (a),superior,nao,640,nao,318,1,nao
26,solteiro (a),medio,nao,255,nao,457,1,sim
66,casado (a),fundamental,nao,206,nao,479,1,sim
32,casado (a),medio,nao,1005,nao,215,1,nao
53,divorciado (a),medio,nao,751,nao,343,4,nao
60,casado (a),medio,nao,-396,nao,443,1,nao
61,casado (a),medio,nao,985,nao,998,6,sim
72,casado (a),fundamental,nao,763,nao,384,2,sim
34,casado (a),superior,nao,436,nao,28,1,nao
53,casado (a),medio,nao,1796,nao,295,1,sim
54,casado (a),medio,nao,653,nao,352,1,nao
58,casado (a),fundamental,nao,565,nao,876,1,sim
42,casado (a),medio,nao,508,nao,70,1,nao
52,divorciado (a),fundamental,nao,-191,nao,755,1,sim
36,casado (a),superior,nao,6,nao,246,1,nao
33,solteiro (a),fundamental,nao,92,nao,127,1,nao
67,casado (a),medio,nao,16353,nao,223,2,nao
62,divorciado (a),superior,nao,6,nao,216,1,sim
34,solteiro (a),medio,nao,4943,sim,117,2,nao
70,casado (a),medio,nao,2815,nao,125,2,nao
37,casado (a),superior,nao,238,nao,185,1,sim
35,casado (a),medio,nao,1067,sim,179,6,nao
55,divorciado (a),medio,nao,3450,nao,169,1,sim
33,casado (a),superior,nao,79,nao,249,2,sim
34,casado (a),medio,nao,470,sim,217,1,nao
61,casado (a),medio,nao,5207,nao,336,1,nao
47,casado (a),medio,nao,0,nao,676,1,nao
35,casado (a),medio,nao,152,nao,563,1,sim
40,casado (a),medio,nao,1451,nao,314,1,sim
25,solteiro (a),superior,nao,760,nao,223,3,sim
40,casado (a),medio,nao,260,nao,52,1,nao
28,solteiro (a),superior,nao,-328,nao,318,2,nao
33,casado (a),medio,nao,0,sim,83,12,nao
52,casado (a),medio,nao,431,nao,73,17,nao
49,casado (a),medio,nao,3608,nao,231,1,sim
43,casado (a),fundamental,nao,2567,nao,109,1,nao
37,casado (a),superior,nao,1315,nao,224,1,sim
74,casado (a),medio,nao,921,nao,394,2,sim
30,solteiro (a),medio,nao,4,nao,443,2,nao
59,divorciado (a),medio,nao,879,nao,228,1,nao
35,solteiro (a),medio,nao,0,nao,1073,1,sim
33,solteiro (a),superior,nao,3143,nao,421,2,sim
39,casado (a),superior,nao,691,sim,517,1,nao
32,solteiro (a),superior,nao,2185,nao,354,2,nao
42,divorciado (a),superior,nao,7190,nao,375,2,nao
57,casado (a),medio,nao,1469,nao,364,1,nao
33,solteiro (a),medio,nao,22,nao,76,2,nao
37,casado (a),medio,nao,1053,nao,405,3,nao
44,solteiro (a),superior,nao,900,nao,322,2,nao
45,solteiro (a),fundamental,nao,999,nao,182,2,nao
41,casado (a),superior,nao,-29,nao,41,2,nao
26,solteiro (a),fundamental,nao,3342,nao,329,4,nao
51,divorciado (a),medio,nao,1069,nao,247,2,nao
46,divorciado (a),medio,nao,7378,nao,466,1,nao
45,casado (a),medio,nao,128,sim,275,2,nao
46,solteiro (a),medio,nao,834,nao,196,2,nao
41,casado (a),fundamental,nao,8,nao,155,2,nao
29,solteiro (a),medio,nao,103,nao,314,1,nao
39,solteiro (a),medio,nao,7066,nao,667,3,sim
41,solteiro (a),medio,nao,231,nao,76,2,nao
59,casado (a),fundamental,nao,748,nao,184,1,nao
47,casado (a),medio,nao,405,sim,994,2,sim
34,casado (a),medio,nao,2374,nao,161,1,sim
34,casado (a),superior,nao,1657,nao,566,2,nao
51,divorciado (a),medio,nao,1679,nao,417,1,sim
30,casado (a),fundamental,nao,1317,nao,395,2,nao
42,solteiro (a),fundamental,nao,1322,sim,178,1,nao
46,casado (a),medio,nao,548,nao,1181,4,sim
36,solteiro (a),superior,nao,2944,nao,882,8,sim
43,casado (a),medio,nao,3285,nao,1721,2,sim
61,casado (a),medio,nao,4608,nao,212,1,sim
31,solteiro (a),medio,nao,2544,nao,252,1,sim
33,casado (a),superior,nao,263,nao,119,2,nao
55,divorciado (a),medio,nao,1613,nao,296,1,sim
30,solteiro (a),medio,sim,4,nao,84,3,nao
39,casado (a),fundamental,nao,1506,nao,299,2,nao
30,solteiro (a),superior,nao,302,nao,528,3,sim
49,casado (a),medio,nao,-454,nao,558,1,sim
32,solteiro (a),medio,nao,811,nao,563,1,sim
36,casado (a),superior,nao,1133,nao,293,1,sim
59,casado (a),medio,nao,5314,nao,200,3,nao
39,casado (a),medio,nao,260,nao,146,1,nao
34,solteiro (a),medio,nao,215,nao,350,3,sim
33,casado (a),superior,nao,150,nao,151,2,nao
42,divorciado (a),medio,nao,1811,nao,150,1,nao
52,solteiro (a),fundamental,nao,217,sim,193,6,nao
33,solteiro (a),superior,nao,1240,nao,505,2,nao
36,casado (a),superior,nao,1109,nao,328,2,nao
49,casado (a),superior,nao,523,nao,152,2,sim
40,casado (a),medio,nao,1012,nao,410,1,nao
45,divorciado (a),superior,nao,220,nao,89,4,nao
60,casado (a),medio,nao,89,nao,156,2,nao
36,solteiro (a),medio,nao,1482,nao,177,2,nao
38,solteiro (a),medio,nao,2543,nao,223,1,sim
53,casado (a),fundamental,nao,2581,nao,99,1,nao
34,solteiro (a),medio,nao,475,nao,538,8,nao
49,divorciado (a),fundamental,nao,198,nao,205,3,nao
43,casado (a),medio,nao,17555,nao,14,14,nao
46,solteiro (a),superior,nao,334,nao,36,6,nao
39,solteiro (a),superior,nao,0,nao,561,4,nao
45,solteiro (a),medio,nao,410,nao,891,4,sim
53,casado (a),medio,nao,25,nao,528,2,sim
41,casado (a),medio,nao,4900,nao,121,2,nao
44,casado (a),medio,nao,304,nao,129,2,nao
41,casado (a),superior,nao,171,nao,209,1,nao
27,solteiro (a),medio,nao,619,nao,16,5,nao
52,casado (a),superior,nao,-970,nao,489,1,sim
31,casado (a),superior,nao,2395,nao,218,1,nao
43,casado (a),medio,nao,132,nao,574,1,sim
25,solteiro (a),medio,nao,913,nao,113,4,nao
32,divorciado (a),superior,nao,267,nao,128,1,nao
56,divorciado (a),superior,nao,2959,nao,325,1,nao
30,casado (a),medio,nao,975,nao,256,2,nao
61,casado (a),superior,nao,997,nao,106,1,sim
29,casado (a),medio,nao,0,nao,83,6,nao
31,solteiro (a),superior,nao,1494,nao,275,12,nao
37,casado (a),superior,nao,1698,nao,95,2,nao
31,solteiro (a),fundamental,nao,26965,nao,654,2,sim
58,casado (a),fundamental,nao,781,nao,74,2,nao
59,divorciado (a),medio,nao,1026,nao,669,1,sim
30,solteiro (a),superior,nao,201,nao,325,2,sim
35,solteiro (a),medio,nao,0,nao,1174,1,sim
57,casado (a),medio,nao,158,nao,73,1,nao
33,solteiro (a),superior,nao,316,nao,126,3,nao
38,solteiro (a),medio,nao,2253,nao,937,3,sim
51,divorciado (a),medio,nao,2323,sim,151,10,nao
42,divorciado (a),medio,nao,2974,nao,187,5,nao
54,casado (a),fundamental,nao,541,nao,237,3,nao
28,solteiro (a),fundamental,nao,0,sim,380,4,nao
35,casado (a),medio,nao,13658,nao,220,2,nao
46,casado (a),medio,nao,451,sim,389,4,nao
26,solteiro (a),medio,nao,209,nao,319,2,nao
59,casado (a),fundamental,nao,0,nao,3025,2,nao
53,casado (a),fundamental,nao,104,sim,701,1,sim
47,solteiro (a),medio,nao,3696,nao,250,2,sim
50,divorciado (a),medio,nao,1111,nao,50,1,nao
36,solteiro (a),medio,nao,1855,nao,75,1,nao
52,casado (a),superior,nao,54,sim,103,1,nao
32,casado (a),superior,nao,3939,nao,209,2,nao
22,solteiro (a),medio,nao,2488,nao,449,2,sim
53,casado (a),fundamental,nao,4143,nao,200,3,nao
52,casado (a),medio,nao,196,sim,116,1,nao
41,casado (a),medio,nao,8238,sim,124,4,nao
40,casado (a),medio,nao,1100,nao,660,2,nao
34,casado (a),superior,nao,899,nao,377,3,nao
35,solteiro (a),superior,nao,2658,nao,768,2,sim
49,casado (a),fundamental,nao,365,nao,59,2,nao
34,solteiro (a),superior,nao,171,nao,191,1,nao
27,solteiro (a),medio,nao,-195,nao,391,1,sim
63,casado (a),medio,nao,3904,nao,250,2,sim
28,solteiro (a),superior,nao,1562,nao,659,4,sim
28,solteiro (a),superior,nao,0,nao,479,1,nao
32,solteiro (a),medio,nao,0,nao,181,2,nao
34,solteiro (a),superior,nao,-292,nao,181,6,nao
47,divorciado (a),medio,nao,225,nao,1126,4,sim
36,solteiro (a),superior,nao,442,sim,102,3,nao
56,divorciado (a),superior,nao,442,nao,77,3,nao
27,casado (a),medio,nao,897,nao,397,1,sim
42,solteiro (a),medio,nao,30,nao,98,1,nao
29,casado (a),medio,nao,228,nao,12,8,nao
29,casado (a),superior,nao,199,sim,1689,4,sim
46,casado (a),medio,nao,668,nao,1263,2,sim
45,divorciado (a),fundamental,nao,757,nao,103,1,nao
37,casado (a),superior,nao,489,nao,205,5,nao
46,casado (a),medio,nao,390,nao,208,2,nao
40,casado (a),medio,nao,61,nao,112,3,nao
44,divorciado (a),medio,nao,14,nao,167,1,sim
42,solteiro (a),fundamental,nao,1628,nao,119,1,nao
32,casado (a),medio,nao,2089,nao,132,1,sim
38,solteiro (a),medio,nao,-242,nao,1173,3,sim
71,casado (a),fundamental,nao,4657,nao,93,5,sim
34,casado (a),medio,nao,250,nao,193,6,nao
55,solteiro (a),fundamental,nao,1187,nao,193,2,nao
73,casado (a),fundamental,nao,796,nao,427,1,sim
33,solteiro (a),superior,nao,2155,nao,295,1,nao
41,solteiro (a),superior,nao,1646,nao,261,1,sim
51,casado (a),medio,nao,143,nao,627,1,nao
42,divorciado (a),medio,nao,1533,sim,86,1,nao
30,solteiro (a),medio,nao,178,nao,747,5,nao
50,casado (a),medio,nao,732,nao,736,7,nao
41,casado (a),medio,nao,552,nao,463,1,nao
32,casado (a),medio,nao,1148,nao,121,1,nao
38,casado (a),superior,nao,1988,nao,164,2,sim
25,solteiro (a),medio,nao,331,nao,170,4,sim
46,casado (a),superior,nao,273,nao,910,2,sim
77,casado (a),superior,nao,0,nao,847,1,sim
30,solteiro (a),superior,nao,2,sim,1031,8,sim
32,solteiro (a),medio,nao,6402,nao,158,1,nao
48,casado (a),medio,nao,817,nao,517,1,sim
53,solteiro (a),medio,nao,5715,nao,287,2,nao
36,casado (a),medio,nao,1409,nao,235,2,nao
33,divorciado (a),medio,nao,474,nao,400,2,nao
33,divorciado (a),medio,nao,0,nao,224,8,nao
58,casado (a),medio,nao,502,nao,197,2,nao
25,solteiro (a),medio,nao,8,nao,107,2,sim
49,casado (a),medio,nao,1568,nao,206,6,nao
43,casado (a),superior,nao,422,nao,110,1,nao
32,solteiro (a),superior,nao,311,nao,757,2,sim
80,casado (a),fundamental,nao,6483,nao,123,1,nao
55,casado (a),fundamental,nao,229,sim,175,3,nao
30,casado (a),superior,nao,0,nao,127,1,nao
53,casado (a),medio,nao,94,nao,493,1,sim
51,solteiro (a),superior,nao,297,nao,415,4,sim
37,casado (a),superior,nao,5106,nao,244,1,sim
28,solteiro (a),medio,nao,227,nao,278,1,sim
49,divorciado (a),superior,nao,755,nao,1212,4,sim
27,casado (a),medio,nao,2171,nao,130,1,nao
36,solteiro (a),medio,nao,0,nao,85,6,nao
35,solteiro (a),superior,nao,71,nao,836,12,nao
19,solteiro (a),medio,nao,302,nao,205,1,sim
36,casado (a),medio,nao,146,sim,284,2,nao
50,solteiro (a),superior,nao,1200,nao,904,3,sim
41,solteiro (a),medio,sim,-386,sim,477,1,sim
32,casado (a),fundamental,nao,795,nao,131,3,nao
39,casado (a),superior,nao,894,nao,491,1,nao
50,casado (a),fundamental,nao,395,nao,419,2,nao
36,casado (a),superior,nao,0,nao,60,1,nao
80,casado (a),fundamental,nao,0,nao,639,1,sim
52,casado (a),medio,nao,195,nao,220,1,sim
52,casado (a),medio,nao,-9,nao,123,1,nao
37,divorciado (a),superior,nao,168,nao,227,1,nao
47,casado (a),fundamental,nao,2642,nao,310,2,nao
39,casado (a),medio,nao,285,sim,209,1,nao
31,casado (a),superior,nao,636,nao,352,4,sim
41,divorciado (a),medio,nao,174,nao,367,2,nao
23,solteiro (a),fundamental,nao,8627,nao,169,1,nao
46,casado (a),medio,nao,22,nao,388,6,sim
28,solteiro (a),medio,nao,171,nao,93,1,sim
36,solteiro (a),superior,nao,1531,nao,81,3,nao
58,casado (a),medio,nao,14412,nao,297,1,nao
52,casado (a),medio,nao,108,nao,543,12,nao
41,casado (a),fundamental,nao,39,nao,549,2,sim
27,casado (a),superior,nao,802,nao,569,1,sim
46,casado (a),medio,nao,368,nao,293,1,sim
44,casado (a),medio,nao,205,nao,289,1,sim
41,casado (a),medio,sim,720,sim,651,1,sim
23,solteiro (a),fundamental,nao,8627,nao,281,1,nao
28,solteiro (a),superior,nao,4579,nao,409,2,sim
34,solteiro (a),superior,nao,586,nao,489,2,nao
47,casado (a),medio,nao,1121,nao,454,6,nao
44,solteiro (a),medio,nao,244,nao,1735,4,sim
50,casado (a),superior,nao,52,nao,22,8,nao
38,casado (a),medio,nao,3732,nao,379,2,nao
31,casado (a),medio,nao,24,nao,631,1,nao
40,solteiro (a),medio,nao,-1,nao,173,1,nao
40,casado (a),medio,nao,93,nao,134,2,nao
48,solteiro (a),superior,nao,-551,nao,168,2,nao
39,divorciado (a),medio,nao,1022,nao,20,3,nao
34,solteiro (a),medio,nao,943,nao,96,4,nao
41,casado (a),fundamental,nao,204,nao,111,7,nao
57,casado (a),superior,nao,0,sim,648,1,sim
55,casado (a),superior,nao,979,sim,123,1,nao
43,casado (a),superior,nao,1429,nao,1015,1,sim
59,casado (a),medio,nao,9976,nao,57,2,nao
40,divorciado (a),superior,nao,502,nao,267,4,nao
30,casado (a),superior,nao,1942,sim,436,2,sim
28,casado (a),medio,nao,655,nao,606,2,nao
36,casado (a),medio,nao,80,nao,251,3,nao
41,casado (a),superior,nao,72,nao,764,3,nao
27,solteiro (a),superior,nao,1,nao,65,2,nao
33,solteiro (a),superior,nao,23,nao,216,3,nao
37,solteiro (a),medio,nao,-242,nao,1149,6,sim
47,divorciado (a),superior,nao,2515,nao,40,3,nao
44,casado (a),superior,nao,22,nao,265,2,nao
31,casado (a),medio,nao,-230,sim,715,1,nao
36,casado (a),superior,nao,495,nao,157,3,sim
58,casado (a),fundamental,nao,1013,nao,206,1,sim
54,divorciado (a),superior,nao,0,nao,618,1,sim
28,solteiro (a),medio,nao,459,nao,83,13,nao
32,casado (a),medio,nao,38,nao,744,1,sim
34,casado (a),medio,nao,103,sim,956,2,nao
31,solteiro (a),medio,nao,775,nao,361,1,nao
31,solteiro (a),medio,nao,203,sim,177,1,nao
44,casado (a),medio,nao,2776,nao,701,1,sim
34,solteiro (a),medio,nao,1386,sim,185,6,nao
24,solteiro (a),medio,nao,822,nao,184,1,sim
55,casado (a),superior,nao,-375,nao,814,2,sim
33,casado (a),medio,nao,-163,sim,502,2,nao
53,divorciado (a),medio,nao,765,nao,959,3,sim
35,casado (a),superior,nao,7050,nao,222,3,sim
34,casado (a),superior,nao,197,nao,78,3,sim
37,casado (a),medio,nao,430,nao,154,4,nao
31,solteiro (a),fundamental,nao,406,nao,736,1,sim
58,casado (a),fundamental,nao,435,nao,122,6,nao
37,solteiro (a),fundamental,nao,851,nao,151,1,nao
32,solteiro (a),medio,nao,2881,nao,356,1,sim
28,solteiro (a),medio,nao,389,nao,15,7,nao
59,divorciado (a),medio,nao,5845,nao,1060,2,sim
33,casado (a),medio,nao,386,nao,253,1,sim
34,casado (a),medio,nao,5320,nao,114,6,nao
34,casado (a),superior,nao,180,nao,298,3,nao
25,solteiro (a),medio,nao,1790,nao,224,1,nao
30,casado (a),superior,nao,944,nao,251,2,sim
35,divorciado (a),superior,nao,321,nao,189,1,nao
39,casado (a),medio,nao,1045,sim,290,13,nao
46,casado (a),medio,nao,70,nao,229,2,sim
52,casado (a),medio,nao,657,nao,398,2,sim
45,divorciado (a),fundamental,nao,844,nao,1018,3,sim
58,casado (a),medio,nao,111,nao,58,2,nao
26,divorciado (a),superior,sim,-402,sim,127,2,nao
32,solteiro (a),superior,nao,1831,nao,86,2,nao
55,divorciado (a),fundamental,nao,976,nao,345,1,sim
31,solteiro (a),medio,sim,25,nao,381,1,nao
31,solteiro (a),medio,nao,4888,nao,475,4,nao
45,casado (a),medio,nao,315,nao,103,1,nao
37,casado (a),medio,nao,4153,nao,35,16,nao
83,casado (a),medio,nao,0,nao,140,10,nao
51,casado (a),medio,nao,1840,nao,312,3,nao
52,casado (a),medio,nao,1117,nao,365,1,nao
32,solteiro (a),superior,nao,0,nao,550,4,sim
33,solteiro (a),superior,nao,61,nao,836,3,sim
29,solteiro (a),superior,nao,828,nao,215,3,nao
30,solteiro (a),medio,nao,102,nao,614,2,nao
35,solteiro (a),superior,nao,633,nao,128,3,nao
56,casado (a),medio,nao,-1206,nao,382,2,sim
30,casado (a),fundamental,nao,1787,nao,79,1,nao
34,solteiro (a),superior,nao,462,nao,1877,3,sim
26,solteiro (a),medio,nao,-32,sim,14,6,nao
43,solteiro (a),medio,nao,3403,nao,707,2,sim
45,casado (a),medio,nao,295,nao,92,1,nao
41,casado (a),medio,nao,-217,nao,313,1,nao
22,solteiro (a),medio,nao,333,sim,129,1,nao
41,solteiro (a),medio,nao,879,sim,60,4,nao
32,casado (a),fundamental,nao,228,nao,1017,6,sim
41,casado (a),fundamental,nao,5310,nao,984,1,sim
42,casado (a),medio,nao,4945,nao,311,2,sim
33,solteiro (a),superior,nao,0,nao,236,10,nao
41,casado (a),medio,nao,-256,nao,147,2,nao
34,divorciado (a),medio,nao,44,nao,118,1,nao
53,casado (a),fundamental,nao,306,nao,388,3,sim
33,divorciado (a),medio,sim,10,sim,167,5,nao
29,solteiro (a),superior,nao,14,nao,87,1,nao
49,casado (a),fundamental,nao,305,sim,834,10,nao
51,casado (a),superior,nao,-3,nao,91,9,nao
40,casado (a),medio,nao,51,nao,50,1,nao
54,casado (a),superior,nao,8295,nao,207,1,sim
23,solteiro (a),fundamental,nao,4,nao,395,2,sim
32,solteiro (a),medio,nao,620,nao,1234,3,sim
42,casado (a),superior,nao,12223,nao,36,1,nao
75,divorciado (a),medio,nao,1341,nao,415,7,sim
31,solteiro (a),superior,nao,614,nao,72,4,nao
37,solteiro (a),medio,nao,2442,nao,91,3,sim
31,solteiro (a),medio,nao,360,nao,592,4,nao
31,casado (a),superior,nao,22546,nao,8,6,nao
39,divorciado (a),medio,nao,902,nao,691,2,sim
36,casado (a),superior,nao,3057,nao,2769,4,sim
46,solteiro (a),superior,nao,1410,nao,93,1,nao
36,solteiro (a),medio,sim,12,nao,587,2,sim
53,casado (a),medio,nao,459,nao,558,1,sim
34,casado (a),superior,nao,1611,nao,490,2,nao
35,divorciado (a),superior,nao,1354,nao,736,2,sim
38,casado (a),medio,nao,435,nao,193,2,nao
27,solteiro (a),medio,nao,671,nao,332,2,nao
56,casado (a),fundamental,nao,828,nao,214,1,nao
33,casado (a),medio,nao,4902,nao,110,1,nao
32,solteiro (a),superior,nao,2,nao,100,2,sim
37,casado (a),fundamental,nao,3242,nao,233,1,nao
30,casado (a),medio,nao,371,nao,124,2,nao
49,casado (a),superior,nao,1235,nao,354,3,sim
77,casado (a),superior,nao,7802,nao,421,1,sim
41,solteiro (a),medio,nao,75,nao,479,9,sim
42,casado (a),fundamental,nao,0,sim,209,2,nao
52,casado (a),medio,nao,2347,sim,603,3,nao
49,casado (a),medio,nao,0,sim,71,7,nao
47,casado (a),fundamental,nao,145,nao,157,6,nao
46,casado (a),fundamental,nao,2558,nao,107,1,nao
51,casado (a),medio,nao,2237,nao,619,1,nao
45,casado (a),medio,nao,5346,sim,187,1,sim
42,solteiro (a),superior,nao,525,nao,127,2,nao
59,casado (a),medio,nao,2381,nao,173,2,nao
67,casado (a),superior,nao,701,nao,254,2,sim
27,solteiro (a),medio,nao,842,nao,273,1,nao
46,divorciado (a),superior,nao,1297,nao,716,3,sim
60,solteiro (a),superior,nao,0,sim,151,1,nao
38,casado (a),medio,nao,279,nao,110,5,nao
28,solteiro (a),medio,nao,28,nao,220,2,nao
31,casado (a),fundamental,nao,355,sim,61,6,nao
38,casado (a),fundamental,nao,0,nao,179,2,nao
55,casado (a),fundamental,nao,284,sim,252,4,nao
58,casado (a),medio,nao,116,nao,580,3,nao
53,divorciado (a),medio,nao,4554,nao,8,6,nao
30,solteiro (a),superior,nao,6164,nao,152,11,nao
49,casado (a),medio,nao,280,nao,162,3,nao
25,solteiro (a),fundamental,nao,-221,nao,250,1,nao
48,casado (a),medio,nao,4415,nao,1032,3,sim
46,casado (a),superior,nao,-3,nao,205,2,nao
28,solteiro (a),medio,sim,-298,nao,559,7,nao
27,solteiro (a),medio,nao,158,nao,650,2,sim
49,casado (a),fundamental,nao,1019,nao,285,5,nao
54,casado (a),medio,nao,0,nao,161,1,sim
43,casado (a),fundamental,nao,-93,nao,402,2,nao
56,casado (a),superior,nao,21664,nao,214,8,nao
63,casado (a),medio,nao,474,nao,423,1,sim
38,casado (a),fundamental,nao,290,nao,283,1,nao
27,casado (a),medio,nao,0,nao,1608,13,sim
32,divorciado (a),superior,nao,874,nao,1282,6,sim
33,divorciado (a),medio,nao,1897,sim,197,1,nao
32,solteiro (a),medio,nao,604,sim,95,3,nao
48,casado (a),medio,nao,568,nao,378,2,sim
27,casado (a),medio,nao,186,nao,136,2,nao
29,solteiro (a),medio,nao,-194,nao,127,1,nao
27,solteiro (a),superior,nao,3733,nao,198,1,sim
59,casado (a),fundamental,nao,0,nao,207,2,nao
28,solteiro (a),medio,nao,56,nao,66,1,nao
33,casado (a),medio,nao,133,nao,218,1,sim
49,casado (a),medio,nao,197,nao,223,1,sim
32,casado (a),medio,nao,401,nao,294,2,nao
41,casado (a),superior,nao,231,nao,352,2,sim
44,casado (a),medio,nao,27,nao,485,1,nao
35,divorciado (a),medio,nao,3636,sim,808,2,sim
87,casado (a),fundamental,nao,230,nao,144,1,sim
63,casado (a),fundamental,nao,1084,nao,201,1,nao
51,casado (a),medio,nao,-379,nao,261,1,nao
32,solteiro (a),medio,nao,152,nao,158,2,sim
53,casado (a),fundamental,nao,27,nao,230,3,sim
44,casado (a),superior,nao,3463,sim,210,3,nao
31,casado (a),superior,nao,1331,nao,297,1,sim
30,casado (a),superior,nao,569,nao,976,12,sim
56,casado (a),fundamental,nao,3391,nao,243,1,sim
49,casado (a),fundamental,nao,3371,nao,269,2,sim
36,casado (a),fundamental,nao,1177,nao,330,1,sim
38,solteiro (a),medio,nao,578,nao,112,2,nao
28,solteiro (a),superior,nao,80,nao,676,2,sim
40,casado (a),medio,nao,9374,nao,7,8,nao
36,casado (a),superior,nao,9,nao,386,4,sim
33,casado (a),superior,nao,1412,nao,480,1,sim
33,casado (a),medio,nao,215,nao,543,12,nao
36,casado (a),medio,nao,1746,nao,99,1,nao
35,solteiro (a),medio,nao,35,nao,152,1,nao
56,divorciado (a),medio,nao,212,sim,27,1,nao
32,casado (a),medio,nao,759,nao,317,5,sim
32,solteiro (a),superior,nao,705,nao,20,4,nao
35,casado (a),medio,nao,786,sim,322,1,nao
57,casado (a),medio,nao,0,sim,104,2,nao
31,casado (a),medio,nao,500,nao,19,18,nao
44,solteiro (a),medio,nao,7138,nao,809,2,sim
39,solteiro (a),superior,nao,5803,nao,83,3,nao
57,casado (a),medio,nao,295,nao,151,11,nao
49,casado (a),medio,nao,320,nao,1971,4,sim
44,casado (a),medio,nao,310,nao,200,1,nao
38,solteiro (a),medio,nao,258,sim,587,2,nao
60,casado (a),fundamental,nao,252,sim,123,2,nao
35,casado (a),medio,nao,724,nao,287,2,sim
38,solteiro (a),superior,nao,0,nao,39,2,nao
61,casado (a),medio,nao,1191,nao,214,4,sim
37,casado (a),superior,nao,2685,nao,187,2,nao
34,casado (a),superior,nao,902,nao,159,1,nao
49,casado (a),medio,nao,1114,nao,283,1,nao
40,casado (a),superior,nao,542,nao,1816,1,nao
36,casado (a),medio,nao,4438,nao,446,1,sim
46,casado (a),fundamental,nao,2904,nao,277,2,nao
46,divorciado (a),medio,nao,-824,nao,429,3,sim
42,solteiro (a),medio,nao,1080,sim,951,3,sim
47,casado (a),medio,nao,1219,nao,697,4,sim
48,casado (a),superior,nao,1808,nao,245,1,sim
29,solteiro (a),medio,nao,417,nao,90,1,nao
31,casado (a),medio,nao,388,nao,730,2,nao
23,solteiro (a),superior,nao,736,nao,119,1,nao
48,casado (a),superior,nao,-471,nao,668,7,nao
38,casado (a),medio,nao,-278,nao,143,2,nao
33,casado (a),superior,nao,75,nao,204,4,nao
60,casado (a),fundamental,nao,362,sim,816,6,sim
42,divorciado (a),superior,nao,-166,nao,85,4,nao
46,divorciado (a),medio,nao,2232,nao,121,1,sim
48,casado (a),medio,nao,2294,nao,251,11,nao
48,casado (a),medio,nao,1738,nao,349,1,nao
45,casado (a),fundamental,nao,7353,nao,536,2,nao
39,divorciado (a),medio,nao,399,sim,133,2,nao
34,casado (a),medio,nao,50,nao,89,2,nao
59,casado (a),fundamental,nao,46,nao,78,2,nao
40,solteiro (a),medio,nao,462,sim,272,1,nao
66,casado (a),superior,nao,1948,nao,216,1,sim
55,divorciado (a),medio,nao,538,nao,353,2,sim
31,casado (a),medio,nao,191,nao,40,1,nao
33,solteiro (a),superior,nao,1410,nao,8,1,nao
57,casado (a),fundamental,nao,1238,nao,274,1,nao
58,divorciado (a),fundamental,nao,2538,nao,307,6,nao
30,solteiro (a),superior,nao,424,nao,298,4,sim
36,casado (a),superior,nao,167,nao,57,1,nao
50,casado (a),medio,nao,283,nao,226,3,nao
34,casado (a),medio,nao,351,nao,467,1,nao
45,divorciado (a),medio,nao,809,nao,155,2,nao
36,casado (a),superior,nao,222,nao,317,1,nao
53,casado (a),medio,nao,105,sim,74,2,nao
36,casado (a),superior,nao,1327,nao,174,2,nao
34,casado (a),medio,nao,0,nao,154,1,sim
28,solteiro (a),medio,nao,378,nao,346,1,nao
40,solteiro (a),superior,nao,0,nao,228,2,sim
30,solteiro (a),superior,nao,2186,nao,366,1,nao
33,casado (a),fundamental,nao,324,nao,217,2,nao
43,solteiro (a),medio,nao,34,nao,29,1,nao
40,solteiro (a),medio,nao,3,nao,998,1,sim
59,casado (a),fundamental,nao,0,nao,493,2,sim
38,casado (a),superior,nao,126,nao,164,2,nao
32,casado (a),medio,nao,736,nao,700,3,nao
50,casado (a),fundamental,nao,4108,nao,526,2,sim
30,solteiro (a),fundamental,nao,79,nao,317,1,nao
45,casado (a),medio,nao,68,nao,254,1,nao
30,solteiro (a),superior,nao,1372,nao,240,2,nao
53,casado (a),superior,nao,71,sim,86,1,nao
43,casado (a),medio,nao,520,nao,15,13,nao
49,casado (a),medio,nao,171,nao,19,3,nao
39,casado (a),medio,nao,607,nao,454,2,sim
37,casado (a),superior,nao,5355,nao,466,4,sim
47,solteiro (a),superior,nao,3727,nao,993,6,sim
35,casado (a),superior,nao,949,nao,245,2,nao
36,casado (a),fundamental,nao,177,nao,63,5,nao
45,casado (a),medio,nao,115,nao,209,4,nao
30,casado (a),medio,nao,125,nao,238,2,nao
43,solteiro (a),superior,nao,1304,nao,501,2,sim
40,casado (a),superior,nao,-117,nao,770,2,nao
38,casado (a),medio,nao,593,sim,1484,24,sim
38,casado (a),medio,nao,226,nao,762,3,sim
35,casado (a),medio,nao,4508,nao,854,1,sim
40,casado (a),fundamental,nao,2805,nao,173,6,nao
34,solteiro (a),medio,nao,0,nao,163,2,nao
36,divorciado (a),superior,nao,0,nao,81,4,nao
42,casado (a),medio,nao,179,nao,96,1,nao
25,solteiro (a),superior,nao,808,nao,267,2,sim
25,solteiro (a),medio,nao,304,nao,226,2,sim
31,casado (a),superior,nao,1224,sim,1441,2,sim
52,solteiro (a),superior,nao,1623,nao,21,17,nao
50,casado (a),superior,nao,3463,sim,96,1,sim
47,casado (a),medio,nao,3676,nao,567,1,sim
42,divorciado (a),superior,sim,2,nao,380,1,nao
28,solteiro (a),superior,nao,356,nao,76,2,nao
39,divorciado (a),superior,nao,1315,nao,1337,4,nao
41,casado (a),fundamental,nao,4,nao,74,5,nao
29,solteiro (a),superior,nao,2325,nao,125,1,sim
46,casado (a),medio,nao,1427,nao,32,3,nao
40,casado (a),superior,nao,3571,nao,222,3,nao
33,casado (a),medio,nao,181,sim,265,2,nao
59,casado (a),fundamental,nao,4198,nao,309,1,sim
54,divorciado (a),medio,nao,1327,nao,115,2,nao
51,casado (a),superior,nao,5108,nao,272,1,nao
46,casado (a),medio,nao,4,nao,268,1,sim
75,casado (a),medio,nao,3771,nao,185,1,sim
37,casado (a),medio,nao,480,nao,344,2,sim
33,solteiro (a),medio,nao,-56,sim,119,5,nao
56,divorciado (a),superior,nao,-59,sim,127,6,nao
43,casado (a),superior,nao,1188,nao,140,2,nao
29,solteiro (a),superior,nao,4210,nao,119,1,nao
63,divorciado (a),medio,nao,1490,nao,506,1,sim
43,casado (a),superior,nao,192,nao,203,2,nao
32,solteiro (a),superior,nao,41,nao,686,5,sim
58,divorciado (a),medio,nao,314,nao,67,2,nao
29,casado (a),fundamental,nao,200,nao,322,2,nao
34,casado (a),superior,nao,703,nao,342,1,sim
57,casado (a),medio,nao,11494,nao,198,1,nao
48,divorciado (a),medio,nao,4099,nao,397,2,sim
27,solteiro (a),medio,nao,489,nao,356,4,sim
33,solteiro (a),medio,nao,-416,nao,767,2,sim
55,casado (a),fundamental,nao,3334,nao,632,4,sim
54,casado (a),medio,nao,-630,nao,173,1,nao
60,casado (a),fundamental,nao,493,nao,671,4,sim
42,solteiro (a),superior,nao,-411,nao,78,5,nao
34,casado (a),fundamental,nao,351,sim,326,11,nao
46,casado (a),medio,nao,57,nao,796,1,sim
31,solteiro (a),superior,nao,462,sim,147,1,nao
30,solteiro (a),medio,nao,75,nao,123,1,nao
31,casado (a),medio,nao,631,nao,248,4,nao
47,casado (a),medio,nao,2,nao,89,1,nao
33,casado (a),superior,nao,273,nao,803,1,sim
44,divorciado (a),medio,nao,0,nao,389,5,nao
30,solteiro (a),medio,nao,648,sim,287,1,nao
33,solteiro (a),medio,nao,5235,nao,67,3,nao
57,casado (a),medio,nao,82,sim,140,1,nao
37,solteiro (a),medio,nao,3561,nao,98,1,nao
30,casado (a),superior,nao,1221,nao,279,4,sim
45,solteiro (a),fundamental,nao,1893,nao,1259,6,sim
36,solteiro (a),medio,nao,398,sim,77,2,nao
23,solteiro (a),superior,nao,1129,nao,806,1,sim
51,divorciado (a),fundamental,nao,602,nao,347,1,nao
43,casado (a),fundamental,nao,-98,sim,112,2,nao
59,divorciado (a),medio,nao,2921,nao,251,1,nao
54,casado (a),medio,nao,2225,sim,73,2,nao
32,solteiro (a),superior,nao,569,sim,348,1,nao
59,casado (a),superior,nao,2013,nao,222,4,sim
45,casado (a),medio,nao,-839,nao,68,1,nao
44,solteiro (a),superior,nao,5063,nao,418,2,sim
29,solteiro (a),superior,nao,572,nao,314,1,sim
37,divorciado (a),fundamental,nao,260,nao,446,2,nao
69,casado (a),medio,nao,745,nao,595,1,nao
28,solteiro (a),medio,nao,153,nao,1124,2,sim
34,divorciado (a),medio,nao,479,nao,515,1,sim
29,solteiro (a),medio,nao,1070,nao,30,1,sim
43,casado (a),fundamental,nao,7343,nao,217,4,nao
31,casado (a),superior,nao,5191,nao,187,2,nao
34,casado (a),superior,nao,3301,nao,485,2,sim
58,divorciado (a),medio,nao,-123,nao,131,2,nao
56,casado (a),medio,nao,2146,sim,594,1,nao
34,casado (a),medio,nao,1671,nao,160,1,nao
47,divorciado (a),medio,nao,136,sim,70,1,nao
31,casado (a),medio,nao,472,nao,907,2,nao
39,casado (a),superior,nao,278,sim,60,3,nao
50,divorciado (a),medio,nao,-54,sim,698,2,sim
38,casado (a),fundamental,nao,0,nao,29,32,nao
46,solteiro (a),medio,nao,324,nao,293,6,nao
57,casado (a),medio,nao,16063,nao,352,3,nao
43,casado (a),medio,nao,136,nao,363,7,sim
27,divorciado (a),medio,nao,76,nao,236,1,nao
58,casado (a),medio,nao,225,nao,122,6,nao
47,casado (a),medio,nao,1230,nao,412,1,sim
71,casado (a),medio,nao,2850,nao,185,1,sim
26,casado (a),medio,nao,115,nao,46,3,nao
34,casado (a),fundamental,nao,2929,nao,518,2,sim
58,casado (a),medio,nao,413,nao,104,5,nao
28,casado (a),medio,nao,2788,nao,369,2,sim
37,casado (a),superior,nao,410,nao,337,2,nao
32,solteiro (a),superior,nao,4665,nao,860,2,sim
41,casado (a),superior,nao,176,sim,42,1,nao
53,casado (a),medio,nao,665,nao,371,2,sim
49,casado (a),medio,nao,321,nao,135,3,nao
49,casado (a),medio,nao,823,nao,780,4,sim
37,solteiro (a),medio,nao,1050,nao,586,3,nao
33,casado (a),medio,nao,95,nao,335,1,sim
64,casado (a),superior,nao,846,nao,671,1,sim
25,solteiro (a),medio,nao,505,sim,386,2,sim
43,casado (a),superior,nao,291,nao,150,2,nao
34,solteiro (a),superior,nao,6766,nao,210,5,nao
60,casado (a),medio,nao,3735,nao,190,1,sim
53,casado (a),medio,nao,459,nao,317,6,nao
33,solteiro (a),medio,nao,706,nao,329,1,nao
36,solteiro (a),medio,nao,475,nao,141,3,nao
26,solteiro (a),medio,nao,443,nao,84,3,nao
41,casado (a),medio,nao,0,sim,107,1,nao
37,casado (a),medio,nao,140,sim,490,1,nao
33,casado (a),fundamental,nao,925,nao,884,3,nao
22,solteiro (a),fundamental,nao,3472,nao,332,1,sim
32,solteiro (a),medio,nao,133,nao,171,1,sim
36,casado (a),superior,nao,0,nao,147,2,nao
34,divorciado (a),superior,nao,674,nao,587,2,sim
38,casado (a),superior,nao,0,nao,206,1,nao
33,solteiro (a),superior,nao,-53,nao,617,2,nao
31,solteiro (a),superior,nao,12569,nao,344,1,sim
48,casado (a),superior,nao,0,nao,176,15,nao
33,casado (a),medio,nao,6699,nao,425,1,nao
29,solteiro (a),superior,nao,437,nao,504,1,sim
31,casado (a),superior,nao,2603,nao,280,4,sim
27,solteiro (a),fundamental,nao,-179,nao,54,2,nao
51,casado (a),medio,nao,95,nao,1309,4,sim
33,solteiro (a),fundamental,nao,1,nao,257,1,nao
61,divorciado (a),superior,nao,6610,nao,481,2,sim
33,casado (a),medio,nao,359,nao,210,1,nao
33,casado (a),medio,nao,804,sim,266,1,nao
59,divorciado (a),fundamental,nao,133,nao,206,1,nao
33,casado (a),medio,nao,137,sim,305,12,nao
83,casado (a),fundamental,nao,425,nao,883,1,sim
36,divorciado (a),medio,nao,1594,nao,250,3,nao
46,casado (a),superior,nao,2262,nao,44,14,nao
29,solteiro (a),medio,nao,113,nao,328,2,sim
44,casado (a),fundamental,nao,4758,nao,712,6,sim
26,solteiro (a),medio,nao,856,sim,95,5,nao
40,casado (a),medio,nao,-378,sim,541,1,nao
46,divorciado (a),medio,nao,435,nao,192,3,nao
26,casado (a),superior,nao,454,sim,28,18,nao
39,casado (a),superior,nao,562,nao,303,2,nao
36,solteiro (a),superior,nao,613,nao,86,2,nao
39,casado (a),medio,nao,266,nao,102,2,nao
38,divorciado (a),medio,nao,70,nao,255,3,sim
39,casado (a),medio,nao,-540,nao,29,1,nao
35,divorciado (a),medio,nao,69,nao,461,3,nao
31,solteiro (a),medio,nao,1588,nao,14,1,nao
29,solteiro (a),superior,nao,455,nao,403,1,sim
46,casado (a),medio,nao,556,sim,646,3,sim
45,divorciado (a),fundamental,nao,3854,nao,10,3,nao
48,casado (a),medio,nao,10655,nao,5,3,nao
47,solteiro (a),superior,nao,0,nao,58,3,nao
44,casado (a),superior,nao,1058,nao,188,3,sim
41,divorciado (a),fundamental,nao,664,sim,955,5,sim
43,casado (a),medio,nao,104,nao,635,3,sim
33,solteiro (a),superior,nao,621,nao,217,1,nao
39,casado (a),superior,nao,2763,nao,526,2,sim
59,casado (a),medio,nao,0,nao,812,1,sim
41,casado (a),superior,nao,6563,nao,136,8,nao
31,solteiro (a),medio,nao,609,nao,1126,1,nao
50,casado (a),medio,nao,1011,nao,340,2,nao
37,solteiro (a),medio,nao,3665,nao,664,3,sim
55,divorciado (a),superior,nao,1983,nao,123,1,nao
37,casado (a),superior,nao,0,nao,115,1,nao
40,casado (a),superior,nao,-17,sim,474,1,sim
38,solteiro (a),superior,nao,25,nao,232,2,sim
36,casado (a),superior,nao,605,nao,204,1,nao
36,casado (a),medio,nao,1328,nao,82,4,nao
44,solteiro (a),superior,nao,2734,nao,897,4,sim
60,casado (a),medio,nao,1025,nao,388,8,nao
32,casado (a),superior,nao,62,nao,166,1,nao
35,casado (a),superior,nao,118,nao,358,2,nao
32,solteiro (a),medio,nao,493,nao,289,2,nao
39,casado (a),medio,nao,406,nao,253,5,nao
50,casado (a),medio,nao,60,sim,151,8,nao
42,solteiro (a),medio,nao,-247,sim,519,1,sim
45,casado (a),medio,nao,204,nao,224,2,sim
54,casado (a),superior,nao,876,nao,269,3,sim
52,casado (a),fundamental,nao,1141,nao,22,5,nao
35,solteiro (a),fundamental,nao,1147,sim,29,1,nao
28,solteiro (a),medio,nao,1633,nao,275,1,sim
36,solteiro (a),superior,nao,490,nao,207,8,sim
59,casado (a),medio,nao,1,nao,159,2,sim
35,casado (a),fundamental,nao,0,nao,90,6,nao
43,casado (a),medio,nao,3060,nao,253,2,nao
55,casado (a),medio,nao,1011,nao,112,2,nao
26,solteiro (a),medio,nao,236,sim,8,2,nao
31,divorciado (a),medio,nao,202,nao,146,1,nao
30,solteiro (a),medio,nao,20,nao,404,6,nao
38,casado (a),medio,nao,0,nao,82,4,nao
59,casado (a),superior,nao,9676,nao,234,2,sim
48,solteiro (a),superior,nao,2330,nao,15,1,nao
36,solteiro (a),medio,nao,1511,nao,270,1,sim
26,solteiro (a),medio,nao,668,nao,576,3,sim
26,solteiro (a),fundamental,nao,-887,nao,827,2,sim
35,casado (a),medio,nao,978,nao,1370,3,sim
43,casado (a),medio,nao,667,nao,228,3,nao
35,solteiro (a),superior,nao,44,nao,310,2,nao
37,casado (a),fundamental,nao,37,nao,24,2,nao
64,casado (a),medio,nao,1574,nao,301,3,sim
58,casado (a),medio,nao,590,sim,133,1,nao
41,casado (a),medio,nao,2993,nao,24,12,nao
49,casado (a),fundamental,nao,902,nao,210,2,nao
38,casado (a),superior,nao,2812,nao,830,1,sim
49,divorciado (a),fundamental,nao,15,nao,550,7,nao
49,casado (a),fundamental,nao,-384,nao,25,1,nao
53,casado (a),medio,nao,225,nao,304,1,nao
48,divorciado (a),medio,sim,20,nao,145,3,nao
59,casado (a),fundamental,nao,1727,nao,500,4,sim
28,casado (a),medio,nao,8,nao,196,1,nao
42,divorciado (a),medio,nao,936,nao,931,1,sim
60,solteiro (a),fundamental,nao,11262,nao,323,1,sim
36,casado (a),superior,nao,16430,nao,197,3,nao
51,divorciado (a),medio,nao,9228,nao,655,4,sim
42,casado (a),fundamental,nao,-679,sim,159,1,nao
36,casado (a),superior,nao,9269,sim,107,2,nao
62,casado (a),superior,nao,1859,nao,245,3,sim
37,casado (a),medio,nao,427,sim,371,3,nao
28,solteiro (a),medio,nao,2700,nao,337,4,nao
27,divorciado (a),medio,nao,451,nao,652,1,sim
34,casado (a),medio,nao,1076,nao,152,1,sim
42,divorciado (a),superior,nao,0,nao,131,2,nao
69,casado (a),fundamental,nao,579,nao,230,1,nao
45,casado (a),superior,nao,265,nao,14,3,nao
46,casado (a),fundamental,nao,222,nao,71,2,nao
26,solteiro (a),superior,nao,294,nao,87,1,sim
53,solteiro (a),medio,nao,2398,nao,317,1,sim
40,solteiro (a),medio,nao,1670,nao,161,2,nao
36,divorciado (a),fundamental,nao,-308,nao,725,1,sim
37,casado (a),superior,nao,393,nao,567,3,sim
48,casado (a),fundamental,sim,-583,nao,25,7,nao
30,solteiro (a),medio,nao,-522,sim,670,2,sim
32,solteiro (a),medio,nao,0,nao,594,4,sim
40,casado (a),medio,nao,1836,nao,750,2,sim
52,casado (a),superior,nao,3163,nao,56,6,nao
52,casado (a),fundamental,nao,1054,nao,273,1,nao
43,casado (a),medio,nao,699,sim,1258,2,sim
27,casado (a),medio,nao,710,sim,653,1,sim
32,casado (a),superior,nao,2349,nao,134,5,nao
32,casado (a),superior,nao,5878,nao,159,2,nao
31,solteiro (a),medio,nao,-219,nao,66,2,nao
45,divorciado (a),fundamental,nao,-311,nao,1030,1,sim
19,solteiro (a),fundamental,nao,103,nao,104,2,sim
25,solteiro (a),superior,nao,343,nao,377,1,sim
44,solteiro (a),medio,nao,1679,nao,718,1,sim
38,casado (a),medio,nao,6728,nao,232,1,sim
27,solteiro (a),superior,nao,5291,nao,192,2,sim
34,solteiro (a),superior,nao,4348,nao,373,8,nao
32,solteiro (a),medio,nao,249,nao,258,1,nao
56,casado (a),medio,nao,344,nao,221,1,nao
37,casado (a),superior,nao,3913,nao,124,1,sim
34,divorciado (a),superior,nao,262,nao,371,1,nao
35,casado (a),superior,nao,8,nao,93,3,sim
41,casado (a),superior,nao,326,nao,788,1,sim
39,casado (a),medio,nao,0,nao,53,1,nao
44,divorciado (a),medio,nao,-329,nao,171,1,nao
28,solteiro (a),medio,nao,517,sim,681,1,sim
39,casado (a),superior,nao,0,nao,46,2,nao
56,casado (a),medio,nao,1044,nao,353,2,sim
36,casado (a),fundamental,nao,1925,nao,904,2,sim
42,casado (a),medio,nao,130,nao,285,1,nao
29,solteiro (a),medio,nao,908,nao,1663,1,sim
30,solteiro (a),superior,nao,4213,nao,142,4,nao
33,solteiro (a),medio,nao,2085,nao,501,2,sim
54,divorciado (a),fundamental,nao,4382,nao,193,4,nao
38,casado (a),superior,nao,950,nao,210,2,nao
35,solteiro (a),medio,nao,5731,nao,164,2,nao
30,casado (a),fundamental,nao,-518,sim,244,6,nao
55,divorciado (a),superior,nao,9756,nao,103,2,sim
28,solteiro (a),medio,nao,4745,nao,360,1,sim
84,divorciado (a),fundamental,nao,639,nao,353,3,sim
32,divorciado (a),superior,nao,883,nao,798,1,sim
73,casado (a),fundamental,nao,279,nao,399,3,sim
32,casado (a),superior,nao,273,sim,97,3,nao
36,solteiro (a),superior,nao,553,nao,106,2,nao
77,divorciado (a),superior,nao,4659,nao,161,1,sim
52,casado (a),medio,nao,2087,nao,267,1,sim
40,casado (a),medio,nao,-396,nao,127,1,nao
41,casado (a),fundamental,nao,1172,nao,153,1,nao
31,casado (a),fundamental,nao,25,nao,169,5,nao
58,casado (a),fundamental,nao,0,nao,535,2,nao
55,divorciado (a),medio,nao,61,sim,113,3,nao
62,divorciado (a),superior,nao,0,nao,227,2,sim
39,casado (a),medio,nao,4722,nao,483,1,nao
38,casado (a),medio,nao,0,sim,1473,6,nao
56,divorciado (a),fundamental,sim,1238,nao,1558,1,sim
41,divorciado (a),medio,nao,6046,sim,300,6,sim
34,casado (a),fundamental,nao,1666,nao,30,1,nao
42,solteiro (a),superior,nao,10907,nao,74,3,nao
35,divorciado (a),medio,nao,275,sim,144,5,nao
29,solteiro (a),medio,nao,3672,sim,1210,1,nao
54,casado (a),medio,nao,0,nao,1366,1,nao
41,solteiro (a),medio,nao,1020,nao,882,1,sim
48,casado (a),medio,nao,1355,nao,134,2,nao
32,solteiro (a),medio,nao,473,nao,624,5,nao
46,casado (a),medio,nao,271,nao,134,4,nao
51,casado (a),medio,nao,1415,nao,151,3,nao
56,casado (a),medio,nao,16873,nao,223,1,nao
35,casado (a),superior,nao,1145,nao,82,2,nao
42,casado (a),superior,nao,157,sim,650,1,nao
46,casado (a),medio,nao,0,sim,239,2,nao
31,divorciado (a),fundamental,nao,459,nao,623,1,sim
56,divorciado (a),fundamental,nao,694,nao,144,1,sim
39,solteiro (a),superior,nao,426,nao,1029,1,sim
58,solteiro (a),superior,nao,331,sim,82,3,nao
40,solteiro (a),medio,nao,100,nao,221,1,sim
28,solteiro (a),medio,nao,168,nao,347,3,sim
44,solteiro (a),medio,nao,5045,nao,20,6,nao
36,casado (a),superior,nao,495,nao,213,3,sim
42,divorciado (a),medio,nao,257,nao,955,2,sim
54,divorciado (a),superior,nao,1295,nao,179,10,nao
53,divorciado (a),medio,nao,-905,nao,213,1,nao
41,casado (a),medio,nao,2125,sim,285,3,nao
31,solteiro (a),medio,nao,747,nao,543,2,sim
42,casado (a),medio,nao,0,nao,82,12,nao
25,solteiro (a),superior,nao,1420,nao,124,2,nao
70,divorciado (a),medio,nao,6850,nao,252,3,nao
56,casado (a),medio,nao,1270,nao,80,2,nao
25,casado (a),superior,nao,10,nao,857,4,sim
35,divorciado (a),superior,nao,0,nao,171,1,sim
35,solteiro (a),superior,nao,2988,nao,179,1,nao
38,casado (a),fundamental,nao,506,sim,122,1,nao
59,solteiro (a),medio,nao,351,nao,1063,5,sim
30,solteiro (a),medio,sim,239,nao,412,1,sim
53,casado (a),superior,nao,15,nao,921,2,sim
32,solteiro (a),superior,nao,2536,nao,958,6,sim
50,casado (a),medio,nao,669,nao,88,1,nao
38,solteiro (a),superior,nao,623,nao,297,4,sim
34,solteiro (a),superior,nao,5462,nao,430,1,sim
26,solteiro (a),medio,nao,1347,nao,280,6,sim
50,casado (a),fundamental,nao,341,sim,670,4,sim
38,casado (a),superior,nao,170,nao,442,1,sim
30,casado (a),medio,nao,11,nao,157,1,nao
38,solteiro (a),superior,nao,0,nao,260,3,sim
30,solteiro (a),superior,nao,261,nao,233,1,nao
34,divorciado (a),medio,nao,-251,nao,641,1,sim
39,casado (a),medio,nao,0,nao,502,1,nao
36,casado (a),medio,nao,2357,nao,228,2,nao
69,solteiro (a),superior,nao,2144,nao,417,1,sim
34,solteiro (a),medio,nao,79,sim,104,1,nao
53,casado (a),superior,nao,451,nao,125,1,nao
27,solteiro (a),medio,nao,468,nao,109,1,nao
42,solteiro (a),medio,nao,382,nao,294,1,nao
47,casado (a),medio,nao,1996,nao,761,2,sim
51,casado (a),fundamental,nao,377,nao,143,4,nao
35,casado (a),medio,nao,2971,nao,429,4,sim
39,casado (a),fundamental,nao,2303,nao,775,3,sim
57,casado (a),fundamental,nao,5799,nao,97,1,nao
59,casado (a),fundamental,nao,2814,nao,81,3,nao
34,casado (a),superior,nao,69,sim,120,3,sim
38,solteiro (a),superior,nao,104,nao,606,3,sim
29,divorciado (a),medio,nao,84,nao,1101,2,sim
54,casado (a),medio,nao,-315,sim,2029,1,sim
39,casado (a),superior,nao,722,nao,141,1,nao
38,divorciado (a),medio,nao,595,nao,245,3,nao
55,casado (a),fundamental,nao,2587,nao,328,2,sim
45,divorciado (a),medio,nao,1269,nao,549,2,nao
41,casado (a),superior,nao,4824,sim,168,7,nao
45,casado (a),superior,nao,1529,nao,160,1,nao
52,casado (a),fundamental,nao,592,nao,122,2,nao
48,casado (a),fundamental,nao,7195,nao,609,2,sim
34,solteiro (a),superior,nao,2646,nao,142,1,sim
38,solteiro (a),medio,nao,4366,nao,188,2,nao
25,casado (a),superior,nao,-242,sim,600,4,sim
40,casado (a),medio,nao,2,nao,197,5,nao
52,casado (a),superior,nao,2557,nao,134,5,sim
29,divorciado (a),medio,nao,330,nao,88,2,nao
35,divorciado (a),medio,nao,308,nao,77,2,nao
40,solteiro (a),superior,nao,1361,nao,1473,1,sim
36,solteiro (a),superior,nao,197,nao,260,1,sim
43,divorciado (a),medio,nao,738,nao,585,4,nao
34,casado (a),medio,nao,0,nao,172,1,nao
41,solteiro (a),fundamental,nao,0,nao,239,1,nao
76,divorciado (a),fundamental,nao,86,nao,192,1,nao
30,solteiro (a),superior,nao,329,nao,122,16,nao
32,casado (a),medio,nao,0,nao,80,2,nao
24,casado (a),medio,nao,556,nao,460,2,sim
39,casado (a),medio,nao,5731,nao,175,2,nao
33,solteiro (a),medio,nao,697,nao,860,2,sim
38,solteiro (a),medio,nao,-196,nao,60,1,nao
59,casado (a),superior,nao,593,nao,64,2,nao
34,casado (a),superior,nao,1539,nao,441,1,sim
47,divorciado (a),superior,nao,477,nao,973,1,nao
44,casado (a),medio,nao,1071,nao,143,3,nao
52,casado (a),superior,nao,0,nao,197,1,nao
68,casado (a),medio,nao,19317,nao,249,1,sim
51,casado (a),fundamental,nao,42,nao,51,2,nao
27,solteiro (a),medio,nao,54,nao,543,2,sim
47,casado (a),superior,nao,0,nao,508,1,sim
32,solteiro (a),superior,nao,3616,nao,165,2,nao
39,divorciado (a),medio,nao,687,nao,869,1,sim
33,casado (a),superior,nao,595,nao,22,2,nao
56,casado (a),medio,nao,345,nao,605,1,nao
35,casado (a),medio,nao,2,nao,653,3,nao
59,casado (a),medio,nao,163,nao,464,1,nao
58,casado (a),fundamental,nao,65,nao,162,1,nao
36,casado (a),superior,nao,2987,nao,307,1,sim
41,divorciado (a),superior,nao,5037,nao,252,9,sim
34,solteiro (a),superior,nao,925,nao,709,1,sim
28,casado (a),medio,nao,-97,nao,79,1,nao
56,casado (a),medio,nao,238,nao,808,1,nao
35,solteiro (a),superior,nao,145,nao,799,2,sim
42,casado (a),medio,nao,3052,nao,32,1,nao
58,casado (a),fundamental,nao,23,nao,91,6,nao
32,solteiro (a),superior,nao,474,nao,90,3,nao
57,casado (a),medio,nao,2887,nao,819,10,sim
33,casado (a),superior,nao,148,nao,717,1,nao
55,divorciado (a),medio,nao,138,nao,205,1,nao
32,casado (a),fundamental,nao,415,nao,777,4,sim
28,solteiro (a),superior,nao,0,nao,294,2,sim
55,divorciado (a),medio,nao,1580,sim,1007,1,sim
33,solteiro (a),medio,nao,238,sim,45,5,nao
41,casado (a),medio,nao,1066,nao,109,3,sim
48,casado (a),medio,nao,117,nao,635,1,nao
61,casado (a),medio,nao,967,nao,180,1,nao
49,casado (a),superior,nao,443,nao,27,6,nao
35,divorciado (a),fundamental,nao,1792,nao,630,6,sim
36,casado (a),medio,nao,42,nao,102,4,nao
60,casado (a),superior,nao,4256,nao,239,3,sim
51,solteiro (a),superior,sim,-55,nao,281,2,nao
30,casado (a),superior,nao,931,nao,1183,1,nao
28,solteiro (a),medio,nao,-46,nao,199,1,sim
27,casado (a),medio,sim,-584,nao,411,2,nao
33,solteiro (a),medio,nao,894,nao,509,2,nao
35,casado (a),medio,nao,0,nao,524,1,sim
28,solteiro (a),medio,nao,1532,nao,253,1,nao
34,solteiro (a),superior,nao,0,nao,191,2,nao
27,solteiro (a),superior,nao,703,nao,590,3,sim
74,divorciado (a),medio,nao,4079,nao,343,3,sim
39,divorciado (a),superior,sim,3,nao,488,1,sim
45,casado (a),fundamental,nao,-322,nao,225,2,nao
50,casado (a),medio,nao,181,nao,599,2,nao
34,casado (a),superior,nao,0,nao,262,1,sim
56,casado (a),medio,nao,45,nao,1467,1,sim
54,casado (a),medio,nao,1480,nao,108,1,nao
26,solteiro (a),medio,nao,622,nao,1451,2,sim
29,solteiro (a),superior,nao,1026,nao,226,1,sim
33,casado (a),medio,nao,661,nao,968,1,sim
56,casado (a),fundamental,nao,306,sim,212,1,nao
25,solteiro (a),medio,nao,-350,nao,95,3,nao
37,casado (a),superior,nao,4089,nao,289,2,sim
47,casado (a),medio,nao,480,nao,211,2,nao
51,casado (a),fundamental,nao,5050,sim,75,7,nao
28,solteiro (a),superior,nao,0,nao,205,6,nao
42,casado (a),superior,nao,1205,nao,376,2,sim
33,casado (a),medio,nao,0,nao,44,8,nao
39,divorciado (a),medio,nao,83,nao,69,6,nao
61,casado (a),superior,nao,6016,nao,670,3,sim
50,divorciado (a),superior,nao,13,nao,76,1,sim
29,solteiro (a),medio,nao,482,sim,1097,3,sim
36,casado (a),medio,nao,480,nao,213,1,sim
36,solteiro (a),superior,nao,40,nao,359,3,nao
37,divorciado (a),medio,nao,490,nao,73,1,nao
32,solteiro (a),superior,nao,5514,nao,319,1,sim
35,casado (a),fundamental,nao,0,nao,340,3,nao
31,casado (a),medio,nao,92,nao,688,1,sim
26,solteiro (a),superior,nao,1216,nao,472,2,nao
41,casado (a),medio,nao,1602,nao,142,1,nao
40,casado (a),fundamental,nao,33,nao,70,3,nao
36,casado (a),superior,nao,-381,nao,30,29,nao
35,solteiro (a),superior,nao,0,nao,669,6,nao
31,casado (a),medio,nao,0,sim,71,1,nao
53,casado (a),fundamental,nao,732,nao,759,2,sim
45,divorciado (a),medio,nao,59,nao,873,8,sim
30,solteiro (a),superior,nao,3516,nao,447,4,nao
37,casado (a),medio,nao,1978,nao,404,1,sim
47,casado (a),fundamental,nao,881,nao,143,1,nao
47,casado (a),superior,nao,286,nao,557,7,nao
56,casado (a),medio,nao,2190,sim,90,2,nao
53,casado (a),fundamental,nao,980,nao,352,1,sim
40,casado (a),superior,nao,0,nao,147,1,sim
33,divorciado (a),fundamental,nao,636,nao,211,11,nao
31,casado (a),medio,nao,79,sim,235,11,nao
30,solteiro (a),medio,nao,334,nao,389,2,nao
30,solteiro (a),superior,nao,901,sim,601,1,nao
51,casado (a),fundamental,nao,40,nao,79,1,nao
27,solteiro (a),medio,nao,3792,nao,279,2,sim
36,casado (a),medio,nao,1049,nao,224,4,sim
34,solteiro (a),medio,nao,16,nao,990,1,sim
37,casado (a),medio,nao,176,nao,147,2,nao
34,solteiro (a),medio,nao,1076,nao,70,2,nao
54,casado (a),medio,nao,865,nao,71,1,nao
31,casado (a),medio,nao,1766,sim,166,2,sim
41,casado (a),medio,nao,429,nao,244,1,nao
55,casado (a),medio,nao,602,nao,324,3,sim
35,divorciado (a),medio,nao,221,nao,150,1,nao
61,casado (a),medio,nao,2917,nao,215,1,sim
49,casado (a),medio,nao,4667,nao,130,2,nao
37,solteiro (a),fundamental,nao,6969,nao,412,1,nao
49,casado (a),medio,nao,1916,sim,281,3,nao
58,solteiro (a),medio,nao,2223,nao,1139,2,nao
31,casado (a),medio,nao,5,sim,101,7,nao
45,solteiro (a),medio,nao,0,nao,1472,1,sim
42,divorciado (a),medio,nao,47,sim,141,1,nao
45,divorciado (a),medio,nao,0,nao,264,1,sim
49,casado (a),medio,nao,1623,nao,1081,2,sim
55,casado (a),medio,sim,-308,nao,781,1,sim
33,casado (a),medio,nao,1844,nao,241,3,nao
51,solteiro (a),superior,sim,-55,nao,119,6,nao
41,casado (a),fundamental,nao,-306,nao,500,1,sim
36,casado (a),medio,nao,300,nao,287,1,nao
47,casado (a),medio,nao,1233,nao,91,1,sim
57,casado (a),medio,nao,0,nao,197,2,nao
42,casado (a),medio,nao,994,nao,149,1,sim
34,solteiro (a),superior,nao,318,nao,133,2,nao
37,casado (a),superior,nao,0,nao,268,2,sim
42,casado (a),superior,nao,1932,nao,192,32,nao
30,solteiro (a),medio,nao,180,nao,203,1,nao
43,casado (a),superior,nao,1574,nao,167,3,nao
42,casado (a),fundamental,nao,-97,nao,216,4,nao
34,casado (a),superior,nao,8,nao,169,4,nao
46,casado (a),fundamental,nao,-35,nao,304,3,nao
32,solteiro (a),superior,nao,1625,nao,796,1,sim
33,casado (a),superior,nao,1465,nao,98,4,nao
27,casado (a),medio,nao,872,nao,1130,3,nao
25,solteiro (a),superior,nao,2506,nao,485,1,sim
38,casado (a),superior,nao,1199,nao,178,1,sim
46,solteiro (a),medio,nao,1790,nao,214,5,nao
39,casado (a),superior,nao,763,nao,877,7,sim
31,casado (a),medio,nao,660,nao,115,1,nao
79,casado (a),fundamental,nao,429,nao,1006,2,sim
66,solteiro (a),medio,nao,10177,nao,272,4,nao
26,solteiro (a),superior,nao,170,nao,129,1,sim
57,casado (a),medio,nao,0,nao,97,1,nao
38,casado (a),fundamental,nao,1147,sim,249,5,nao
33,casado (a),superior,nao,1064,nao,562,1,sim
45,casado (a),medio,nao,784,sim,34,1,nao
47,casado (a),superior,nao,2306,nao,239,4,sim
28,solteiro (a),medio,nao,16,nao,119,4,nao
33,casado (a),fundamental,nao,212,nao,260,2,nao
35,casado (a),medio,nao,5304,nao,340,1,nao
32,solteiro (a),superior,nao,2343,nao,226,1,nao
24,casado (a),medio,nao,4500,nao,733,2,sim
58,casado (a),superior,nao,1831,nao,1531,1,nao
53,divorciado (a),medio,nao,0,nao,80,2,sim
40,casado (a),medio,nao,-839,sim,1018,2,sim
34,casado (a),superior,nao,297,nao,63,4,nao
30,solteiro (a),medio,nao,315,nao,1407,1,sim
26,solteiro (a),medio,nao,203,nao,104,1,nao
38,casado (a),superior,nao,3234,nao,578,2,sim
37,casado (a),medio,nao,64,nao,239,4,nao
32,casado (a),medio,nao,889,nao,185,1,sim
37,divorciado (a),superior,nao,66,nao,1164,2,sim
40,divorciado (a),medio,nao,6,nao,140,1,nao
26,solteiro (a),medio,nao,1064,nao,113,1,nao
36,casado (a),superior,nao,925,nao,321,3,sim
38,casado (a),medio,nao,-762,sim,408,2,nao
56,casado (a),medio,nao,205,sim,442,2,nao
52,solteiro (a),superior,nao,83,nao,1223,6,sim
35,solteiro (a),superior,nao,5958,nao,215,1,sim
30,solteiro (a),superior,nao,-477,sim,1532,2,sim
42,casado (a),superior,nao,2187,nao,525,3,sim
29,solteiro (a),superior,nao,19,nao,110,2,sim
